-- phpMyAdmin SQL Dump
-- version 4.7.4
-- https://www.phpmyadmin.net/
--
-- Host: 127.0.0.1:3306
-- Generation Time: Jan 13, 2018 at 10:20 AM
-- Server version: 5.7.19
-- PHP Version: 5.6.31

SET SQL_MODE = "NO_AUTO_VALUE_ON_ZERO";
SET AUTOCOMMIT = 0;
START TRANSACTION;
SET time_zone = "+00:00";

/*!40101 SET @OLD_CHARACTER_SET_CLIENT=@@CHARACTER_SET_CLIENT */;
/*!40101 SET @OLD_CHARACTER_SET_RESULTS=@@CHARACTER_SET_RESULTS */;
/*!40101 SET @OLD_COLLATION_CONNECTION=@@COLLATION_CONNECTION */;
/*!40101 SET NAMES utf8mb4 */;

--
-- Database: `emarket`
--
CREATE DATABASE IF NOT EXISTS `emarket` DEFAULT CHARACTER SET utf8 COLLATE utf8_bin;
USE `emarket`;

-- --------------------------------------------------------

--
-- Table structure for table `admin`
--

DROP TABLE IF EXISTS `admin`;
CREATE TABLE IF NOT EXISTS `admin` (
  `id` int(11) NOT NULL AUTO_INCREMENT,
  `login` varchar(100) NOT NULL,
  `mdp` varchar(255) NOT NULL,
  PRIMARY KEY (`id`)
) ENGINE=InnoDB AUTO_INCREMENT=2 DEFAULT CHARSET=utf8;

--
-- Dumping data for table `admin`
--

INSERT INTO `admin` (`id`, `login`, `mdp`) VALUES
(1, 'root', '06948d93cd1e0855ea37e75ad516a250d2d0772890b073808d831c438509190162c0d890b17001361820cffc30d50f010c387e9df943065aa8f4e92e63ff060c');

-- --------------------------------------------------------

--
-- Table structure for table `categories`
--

DROP TABLE IF EXISTS `categories`;
CREATE TABLE IF NOT EXISTS `categories` (
  `id` int(11) NOT NULL AUTO_INCREMENT,
  `nom` varchar(255) NOT NULL,
  PRIMARY KEY (`id`)
) ENGINE=InnoDB AUTO_INCREMENT=8 DEFAULT CHARSET=utf8;

--
-- Dumping data for table `categories`
--

INSERT INTO `categories` (`id`, `nom`) VALUES
(2, 'Fruits'),
(3, 'Légumes'),
(4, 'Épices'),
(5, 'Racines'),
(6, 'Alcool'),
(7, 'Fruits de mer');

-- --------------------------------------------------------

--
-- Table structure for table `categories_products`
--

DROP TABLE IF EXISTS `categories_products`;
CREATE TABLE IF NOT EXISTS `categories_products` (
  `id` int(11) NOT NULL AUTO_INCREMENT,
  `id_produit` int(11) NOT NULL,
  `id_categories` int(11) NOT NULL,
  PRIMARY KEY (`id`),
  KEY `id_produit` (`id_produit`),
  KEY `id_categories` (`id_categories`)
) ENGINE=InnoDB AUTO_INCREMENT=59 DEFAULT CHARSET=utf8;

--
-- Dumping data for table `categories_products`
--

INSERT INTO `categories_products` (`id`, `id_produit`, `id_categories`) VALUES
(5, 26, 3),
(6, 27, 3),
(7, 28, 3),
(8, 29, 3),
(9, 30, 3),
(11, 32, 3),
(12, 21, 4),
(14, 23, 5),
(15, 24, 5),
(18, 33, 2),
(19, 33, 3),
(20, 34, 2),
(21, 34, 3),
(22, 35, 2),
(23, 35, 3),
(55, 37, 2),
(56, 37, 4),
(57, 38, 6),
(58, 38, 7);

-- --------------------------------------------------------

--
-- Table structure for table `client`
--

DROP TABLE IF EXISTS `client`;
CREATE TABLE IF NOT EXISTS `client` (
  `id` int(11) NOT NULL AUTO_INCREMENT,
  `email` varchar(100) NOT NULL,
  `nom` varchar(255) NOT NULL,
  `prenom` varchar(255) NOT NULL,
  `mdp` varchar(255) NOT NULL,
  `adresse` varchar(255) NOT NULL,
  `code_postal` varchar(10) NOT NULL,
  `ville` varchar(50) NOT NULL,
  `telephone` varchar(20) NOT NULL,
  PRIMARY KEY (`id`)
) ENGINE=InnoDB AUTO_INCREMENT=1 DEFAULT CHARSET=utf8;

-- --------------------------------------------------------

--
-- Table structure for table `commande`
--

DROP TABLE IF EXISTS `commande`;
CREATE TABLE IF NOT EXISTS `commande` (
  `id` int(11) NOT NULL AUTO_INCREMENT,
  `id_client` int(11) NOT NULL,
  `prix` float NOT NULL,
  PRIMARY KEY (`id`),
  KEY `id_client` (`id_client`)
) ENGINE=InnoDB AUTO_INCREMENT=1 DEFAULT CHARSET=utf8;

-- --------------------------------------------------------

--
-- Table structure for table `commande_client`
--

DROP TABLE IF EXISTS `commande_client`;
CREATE TABLE IF NOT EXISTS `commande_client` (
  `id` int(11) NOT NULL AUTO_INCREMENT,
  `id_produit` int(11) NOT NULL,
  `id_commande` int(11) NOT NULL,
  `prix` int(11) NOT NULL,
  `quantite` int(11) NOT NULL,
  PRIMARY KEY (`id`),
  KEY `id_produit` (`id_produit`),
  KEY `id_commande` (`id_commande`)
) ENGINE=InnoDB AUTO_INCREMENT=1 DEFAULT CHARSET=utf8;

-- --------------------------------------------------------

--
-- Table structure for table `produit`
--

DROP TABLE IF EXISTS `produit`;
CREATE TABLE IF NOT EXISTS `produit` (
  `id` int(11) NOT NULL AUTO_INCREMENT,
  `nom` varchar(255) NOT NULL,
  `prix` float NOT NULL,
  `image` varchar(255) DEFAULT NULL,
  `description` varchar(255) NOT NULL,
  PRIMARY KEY (`id`),
  UNIQUE KEY `id` (`id`)
) ENGINE=InnoDB AUTO_INCREMENT=39 DEFAULT CHARSET=utf8;

--
-- Dumping data for table `produit`
--

INSERT INTO `produit` (`id`, `nom`, `prix`, `image`, `description`) VALUES
(21, 'Persils', 1, 'img/persil.jpg', 'Debcha'),
(23, 'Carottes', 78, 'img/carotte.jpg', 'Pour nourrir Epona'),
(24, 'Oignons', 68, 'img/oignon.jpg', 'Bio'),
(26, 'Champignon', 17, 'img/champignon.png', 'Garanti sans effet'),
(27, 'Choux', 1, 'img/chou.png', 'Boys matrice'),
(28, 'Courgettes', 14, 'img/courgette.png', 'Petite courge'),
(29, 'Haricots Verts', 10, 'img/haricotsverts.png', 'Haricots magique pour Saiyan'),
(30, 'Petits pois', 42, 'img/petitspois.png', 'Little but packed with nutrients'),
(32, 'Potirons', 12, 'img/potiron.png', 'Potirons'),
(33, 'Melons', 12, 'img/melon.png', 'If you order 2 melons, you have a roleplay'),
(34, 'Pastèques', 1, 'img/pasteque.jpg', 'Big and juicy watermelon'),
(35, 'Poivrons', 12, 'img/poivron.jpg', 'Hot peppers are overated'),
(37, 'Ails', 14, 'img/ail.jpg', 'Castlevania StarterPack'),
(38, 'Whisky', 50, 'img/whisky.jpg', 'Monkey Shoulder deluxe');

--
-- Constraints for dumped tables
--

--
-- Constraints for table `categories_products`
--
ALTER TABLE `categories_products`
  ADD CONSTRAINT `fk_categorie` FOREIGN KEY (`id_categories`) REFERENCES `categories` (`id`),
  ADD CONSTRAINT `fk_product` FOREIGN KEY (`id_produit`) REFERENCES `produit` (`id`) ON DELETE CASCADE;

--
-- Constraints for table `commande`
--
ALTER TABLE `commande`
  ADD CONSTRAINT `fk-order` FOREIGN KEY (`id_client`) REFERENCES `client` (`id`);

--
-- Constraints for table `commande_client`
--
ALTER TABLE `commande_client`
  ADD CONSTRAINT `fk_commande` FOREIGN KEY (`id_produit`) REFERENCES `produit` (`id`),
  ADD CONSTRAINT `fk_produit` FOREIGN KEY (`id_commande`) REFERENCES `commande` (`id`) ON DELETE CASCADE;
COMMIT;

/*!40101 SET CHARACTER_SET_CLIENT=@OLD_CHARACTER_SET_CLIENT */;
/*!40101 SET CHARACTER_SET_RESULTS=@OLD_CHARACTER_SET_RESULTS */;
/*!40101 SET COLLATION_CONNECTION=@OLD_COLLATION_CONNECTION */;
